{
    "entries": [
        {
            "title": "Art Director",
            "years": "2020 - present",
            "description": "After two years of working in London, I joined the NWD Designs team. Our design group works with clients including Motorola and Nokia who are just some examples; Apple stands out among all others because it had such an impactful brand identity for decades until they rebranded recently."
        },
        {
            "title": "Creative Director",
            "years": "2018 - 2020",
            "description": "Looking for a new challenge, I joined Pinnacle Designs. My role focused on helping our customers define their strategic branding needs and requirements to achieve an elegant end result that stands out among competitors' work."
        },
        {
            "title": "Lead Designer",
            "years": "2016 - 2018",
            "description": "I have always loved the idea of being in charge of a design team, so I joined Super 8 as a lead designer where we worked on amazing campaigns including the branding and advert assets for Facebook's VR arm."
        },
        {
            "title": "Graphic Designer",
            "years": "2014 - 2016",
            "description": "After finishing my degree in Graphic Design, I joined Cube agency in London in 2014 and worked on projects for companies such as Nestle, Spotify and Red Cabbage."
        }
    ]
}